{"cameraMode":{"drawMode":0,"name":"Shaded","section":"Shading Mode"},"sceneLighting":true,"audioPlay":false,"sceneViewState":{"m_AlwaysRefresh":false,"showFog":true,"showSkybox":true,"showFlares":true,"showImageEffects":true,"showParticleSystems":true,"showVisualEffectGraphs":true,"m_FxEnabled":true},"in2DMode":false,"pivot":{"x":-1.9716622829437256,"y":1.6434292793273926,"z":-3.593600273132324},"rotation":{"x":0.11707934737205506,"y":-0.8306712508201599,"z":0.19030825793743134,"w":0.5102379322052002},"size":2.3709750175476076,"orthographic":false}